Type,Name,Request Count,Failure Count,Median Response Time,Average Response Time,Min Response Time,Max Response Time,Average Content Size,Requests/s,Failures/s,50%,66%,75%,80%,90%,95%,98%,99%,99.9%,99.99%,100%
GET,[Cenario 1] Imagem 1MB,615,0,29,122.60156998699375,20.405329999903188,539.4449549999081,32152.0,102.22617362483145,0.0,29,55,200,280,410,470,500,530,540,540,540
,Aggregated,615,0,29,122.60156998699375,20.405329999903188,539.4449549999081,32152.0,102.22617362483145,0.0,29,55,200,280,410,470,500,530,540,540,540
